{
 "min_area": 25.642491476585217,
 "max_area": 65.52715843309969
}