{
 "detection_threshold": 0.6464646464646465,
 "param_dist_remap_coefs": [
  40.61517366849468,
  37.691647645515616,
  35.287160617991965
 ],
 "param_dist_remap_intercepts": [
  -3.4763386136080006,
  -2.389875684851162,
  -3.8677248427633804
 ],
 "min_area": 23.553573615517713,
 "max_area": 166.58205129586045
}